userId,fname,mname,lname,email,password
1,Elvina,Ridpath,Altamirano,ealtamirano0@simplemachines.org,Bay3gBUV
2,Valeda,Sigfrid,Longstreet,vlongstreet1@prweb.com,hfVxGZ9dPTOl
3,Virginia,Naisby,Voak,vvoak2@elegantthemes.com,NpwBNacIqn
4,Aila,Edington,Dubock,adubock3@sun.com,pKwEC2e5Nvn
5,Bartram,Ibert,Hacquoil,bhacquoil4@indiatimes.com,jQFFqqC79U
6,Justina,Danielian,Godin,jgodin5@china.com.cn,yPVunS
7,Morly,Parfett,Josefsen,mjosefsen6@whitehouse.gov,cQKgMbt
8,Morry,Loughan,Scollick,mscollick7@slate.com,2MW35ih
9,Christina,Beeken,Broadwell,cbroadwell8@goo.ne.jp,wqUuXUsue
10,Hadleigh,Edmondson,Firbank,hfirbank9@ezinearticles.com,9xfSvpa0m9
11,Codi,Prisk,Vitte,cvittea@bluehost.com,mTy1vd
12,Veronique,Bougen,Ashurst,vashurstb@irs.gov,3cpBdgFSHRp
13,Philip,MacCathay,Gittins,pgittinsc@sina.com.cn,qtEoqcvC
14,Astra,Ogglebie,Ianitti,aianittid@uol.com.br,qOai6xn9
15,Bidget,Corry,Greeve,bgreevee@stumbleupon.com,Sa0lbd
16,Lettie,Wife,Rome,lromef@state.gov,YTUL3l
17,Nikolaos,Batterham,Lezemore,nlezemoreg@etsy.com,ejvKNvPND0fR
18,Alfreda,Klesse,Euplate,aeuplateh@sakura.ne.jp,JBhbGQ
19,Daveta,Luney,Georgiev,dgeorgievi@google.com.hk,Xqezge
20,Faunie,Orum,Hickinbottom,fhickinbottomj@ycombinator.com,udjtSpy
21,Korie,Ilyin,Duddan,kduddank@feedburner.com,1dvaH5Br0Ty
22,Jacky,Finder,Winmill,jwinmilll@arizona.edu,lRyEvh
23,Johan,Aizlewood,Buttfield,jbuttfieldm@photobucket.com,DtHRhIu7P
24,Markos,Wauchope,MacGettigen,mmacgettigenn@seesaa.net,00mIlP379Tx9
25,Anthia,Petren,Crawshay,acrawshayo@nydailynews.com,trwbLcuWetG5
26,Jenine,Luter,Shottin,jshottinp@springer.com,X2nOmMEBIEmG
27,Gilberta,De Giorgio,Treweke,gtrewekeq@netvibes.com,83svA7OT3Gt
28,Cosetta,Ponde,Sempill,csempillr@omniture.com,WoJESW1vRO
29,Hinda,Snawden,Fishley,hfishleys@admin.ch,TdBADb1ig
30,Reeta,Dartnell,Peasnone,rpeasnonet@hatena.ne.jp,XpLyxwp
31,Helyn,Helleker,Rennox,hrennoxu@jiathis.com,4TYpfn7pFaE
32,Hermie,Bellenie,Emmer,hemmerv@prlog.org,whmGKyqVZA
33,Noby,Coey,Duiguid,nduiguidw@cloudflare.com,a86oIFFqirt
34,Danila,Lodovichi,Illsley,dillsleyx@ft.com,EZGMUupowe
35,Dyna,Tartt,Amies,damiesy@dailymail.co.uk,loToJqEu
36,Barney,Redborn,Sweett,bsweettz@plala.or.jp,rT7zeMklwXLs
37,Danica,Bente,Burkinshaw,dburkinshaw10@harvard.edu,RQVSPyST
38,Ilario,Alentyev,Volonte,ivolonte11@webs.com,YaNY9Lkk
39,Barbabas,Bugdale,Samart,bsamart12@twitpic.com,armGPQW
40,Buddy,Wannes,Wethered,bwethered13@studiopress.com,b76GnWESh3Ig
41,Jammal,Bulled,Brunt,jbrunt14@alibaba.com,9hAuzeOb8IF
42,Shirl,Sooper,Noice,snoice15@lycos.com,M1enov4yd62
43,Fernanda,Pieter,de Voiels,fdevoiels16@i2i.jp,XPwzKHH
44,Adriane,Zima,Calvie,acalvie17@hc360.com,BenqmXN
45,Arch,MacGorley,Spinozzi,aspinozzi18@bandcamp.com,L5hMBW
46,Lotty,Stearns,Humfrey,lhumfrey19@comsenz.com,fdQ8gwXB
47,Henrie,Stroband,Blundell,hblundell1a@slate.com,akt2Hia
48,Nevin,Tuckie,Shooter,nshooter1b@goodreads.com,QU6D9Rb41
49,Lianna,Veljes,Bernardos,lbernardos1c@patch.com,XYHo0RbGC5
50,Jennee,Scullin,De Bernardis,jdebernardis1d@altervista.org,6xqtzDSn
51,Donnell,Riddoch,Pietrzak,dpietrzak1e@discovery.com,unaImQKVq3zl
52,Dame,Corbitt,Breed,dbreed1f@barnesandnoble.com,QwuQWa2ZXpxI
53,Alix,Rulf,Christoffersen,achristoffersen1g@gmpg.org,djEnfrEL6qs
54,Bard,Balaisot,Snelson,bsnelson1h@disqus.com,wyybGkna2r
55,Madelene,Offord,McWhannel,mmcwhannel1i@cargocollective.com,Cjw5RQDpJ30
56,Rupert,Hirtzmann,Kellitt,rkellitt1j@seesaa.net,bfNRrzexze
57,Silvana,Dominey,Ambroziak,sambroziak1k@xrea.com,sKeTngFth
58,Ches,Bilbery,Laurent,claurent1l@networkadvertising.org,1YxAoKQa
59,Anthe,Mullins,Cordier,acordier1m@cam.ac.uk,rNInNJpBuJfG
60,Royce,Holberry,Dearle,rdearle1n@i2i.jp,GkjcFKtfI6
61,Brandon,Mussen,Buckler,bbuckler1o@who.int,dQVxl1Ej0
62,Dyana,MacAlees,Esbrook,desbrook1p@addthis.com,V0z1s3n
63,Jorry,Mabon,Matyushenko,jmatyushenko1q@hhs.gov,x0uWrjCRNoA
64,Brennen,Vannuccinii,Soal,bsoal1r@flavors.me,GbK6ZIS4nBK0
65,Court,Gotliffe,Houlton,choulton1s@fc2.com,ueS8PeXNo
66,Laughton,Barthelet,Gabrieli,lgabrieli1t@sciencedirect.com,SfYIZGSRc6s9
67,Bernetta,Cribbott,Dulake,bdulake1u@state.gov,8d4od8v
68,Anthiathia,Gilliatt,Tysack,atysack1v@desdev.cn,DvzlY1
69,Alyse,Gerling,Rizzardini,arizzardini1w@accuweather.com,xYsSO6mgqc
70,Bettine,Drover,Beardall,bbeardall1x@dmoz.org,3CPqwj
71,Rae,Evequot,Forstall,rforstall1y@soundcloud.com,FdExMK4mE2j5
72,Kassi,Panchin,Sellers,ksellers1z@prlog.org,qUEchQQ0
73,Allister,McTrusty,Karpmann,akarpmann20@forbes.com,WPsODxWuEcJ
74,Kory,Josephson,Ducarne,kducarne21@marriott.com,zCQWceFxK
75,Dasya,Wyldbore,Dugood,ddugood22@spotify.com,m3fsbKKUSK
76,Donica,Ollis,Hydes,dhydes23@dagondesign.com,oWueoV
77,Scottie,Linsay,Gentil,sgentil24@epa.gov,jwCEyl
78,Lynnelle,Poel,Calow,lcalow25@pagesperso-orange.fr,SpI2JgOUw5B
79,Ario,Foltin,Olivie,aolivie26@people.com.cn,E46vikAC
80,Blondell,Arnecke,Teresi,bteresi27@mlb.com,dZO5zZ
81,Ophelia,Malcolm,Thornhill,othornhill28@statcounter.com,MRyAy3PWMdXr
82,Leann,Chansonnau,Pandie,lpandie29@ebay.com,0GQXJ3cyF
83,Caz,Suarez,Willmott,cwillmott2a@ustream.tv,0wKMs3
84,Dorise,Wadge,Minichi,dminichi2b@guardian.co.uk,ZcLsHED
85,Turner,Aldwich,Bault,tbault2c@t.co,yIS5m2BvK7ka
86,Aldous,Tudbald,Renton,arenton2d@diigo.com,m2Jibc4JFpa
87,Marian,Midson,Grzegorzewicz,mgrzegorzewicz2e@wiley.com,95G0J6
88,Emelia,McKenney,Agnolo,eagnolo2f@slideshare.net,wocQO7s1ou4
89,Ethelind,Huot,Whales,ewhales2g@nbcnews.com,95EXADN0l
90,Florencia,Ivimey,Beddo,fbeddo2h@globo.com,CUXIM38DAxXx
91,Rodi,Eilhermann,Braybrooke,rbraybrooke2i@netlog.com,DdNQOWLf8z9a
92,Maxy,Garred,D'Aubney,mdaubney2j@squidoo.com,sxqYT3
93,Theressa,Ollerearnshaw,Huebner,thuebner2k@paginegialle.it,NP0fjjAPA5
94,Quentin,Gennrich,Zimmermeister,qzimmermeister2l@vkontakte.ru,GAApON91ZU
95,Wakefield,O'Cooney,Clogg,wclogg2m@nba.com,3rhT3rw
96,Joshua,Thornhill,Maple,jmaple2n@4shared.com,LEOEJFp
97,Dew,Mullany,Brunstan,dbrunstan2o@godaddy.com,6rK8LAk
98,Marketa,Follett,Swett,mswett2p@wunderground.com,PrRGEw8
99,Konstantin,Gorring,Tatford,ktatford2q@blogs.com,HzEC1Fx
100,Jourdan,Grimshaw,Meritt,jmeritt2r@goodreads.com,vL6xdMJe91V
101,Ardine,Doreward,Ceschi,aceschi2s@purevolume.com,KHfZa3IC
102,Kurtis,Hallbird,Doxey,kdoxey2t@illinois.edu,vkT5ZEtcqzu
103,Worth,Viccary,Bushaway,wbushaway2u@cornell.edu,C9Kqjy
104,Bancroft,Hulett,Coverdill,bcoverdill2v@prlog.org,eOsgXszLQ0
105,Clarine,Sidsaff,Batrim,cbatrim2w@elegantthemes.com,l5U2wOp2kxGE
106,Grantley,Dennes,Einchcombe,geinchcombe2x@taobao.com,NlgS1FmfO0
107,Riley,Pales,Yegorchenkov,ryegorchenkov2y@mail.ru,uhDhTjUPE
108,Packston,Franceschielli,Erangey,perangey2z@oaic.gov.au,FkobUEq990J
109,Angelika,Merrigan,Petzold,apetzold30@eventbrite.com,Fu6rrTlq
110,Ynez,Foystone,Freyn,yfreyn31@oracle.com,IMO8AWD1n6H
111,Hamlen,Aaronson,Akester,hakester32@sun.com,9AT7VM7zd6P9
112,Valentijn,Halsworth,Shardlow,vshardlow33@economist.com,szer7HV
113,Margit,Ricardot,Buss,mbuss34@vimeo.com,c5h3NssEgXX4
114,Patrizia,Dunrige,Sargood,psargood35@cdc.gov,xjFGoT9crt
115,Pincas,Ferrone,Shirtliff,pshirtliff36@archive.org,qMUuesPYqBwx
116,Mamie,Sweet,Fayter,mfayter37@cpanel.net,3hqA0VrTN8
117,Kendra,Skym,Neno,kneno38@apache.org,3RePNqt1raa
118,Verney,Works,Rapson,vrapson39@nhs.uk,pBQ7rcjDl
119,Bryna,Stobo,Moresby,bmoresby3a@histats.com,XCU21KvxMtmn
120,Perry,Thulborn,Aiken,paiken3b@linkedin.com,xnFBrJPOMo
121,Samaria,O'Fairy,Thomen,sthomen3c@apache.org,EHoDyS8t6R
122,Alard,Giddons,Stoyell,astoyell3d@dot.gov,tWtqIVfz
123,Diarmid,Dacres,Ebbutt,debbutt3e@chicagotribune.com,JE4r3rMlp6G
124,Patricia,Otham,Dallicoat,pdallicoat3f@homestead.com,YAsWlMD
125,Brigit,Yearns,Mapledoore,bmapledoore3g@nba.com,kqwiAGMJN
126,Joellen,Sigg,Rosenkranc,jrosenkranc3h@mapquest.com,CxvhVOkVFy2k
127,Ezri,Cunliffe,Duprey,eduprey3i@goo.gl,k6pvwxdOR6
128,Fabio,Davidman,O'Loughlin,foloughlin3j@yellowpages.com,8tkZcG
129,Dina,Bletcher,Moses,dmoses3k@cmu.edu,RujZYPV34Qkv
130,Olympia,McPhelim,Meneo,omeneo3l@jugem.jp,QVaExBa
131,Casi,Grzeszczyk,Symon,csymon3m@technorati.com,1RLcfn
132,Christoper,Ofen,Sher,csher3n@spiegel.de,QwPjXi
133,Heindrick,Onn,Acres,hacres3o@irs.gov,bk3Vmq
134,Dulce,Cuzen,Schoenleiter,dschoenleiter3p@sogou.com,KCs1Rj8Lu57
135,Leighton,Genn,Frangleton,lfrangleton3q@cyberchimps.com,xPcecDZ
136,Adelaida,Barenskie,Wareing,awareing3r@i2i.jp,Bw7K1KvYdSZ
137,Daisi,Dowles,Detheridge,ddetheridge3s@so-net.ne.jp,2klJB5L8tng
138,Beatrix,Di Maria,Broadnicke,bbroadnicke3t@free.fr,DXtzKFynExoT
139,Lucas,Jenson,Hauch,lhauch3u@dagondesign.com,hV4fvFJw
140,Phoebe,Julien,Mirfield,pmirfield3v@adobe.com,r8sdLzOmMBdO
141,Cacilia,Kuschel,Tuddall,ctuddall3w@last.fm,laLV62Myl
142,Vinny,Geroldo,Gherardelli,vgherardelli3x@reference.com,MBO6J99ZfLk
143,Cynthia,Stubbeley,Shannahan,cshannahan3y@printfriendly.com,B3cKqNgEYEq
144,Brit,Linskey,Pett,bpett3z@twitpic.com,i4cXd1
145,Curtice,Trevascus,Ruddiforth,cruddiforth40@nbcnews.com,xfwmjO
146,Hiram,Abramowitch,Bridie,hbridie41@csmonitor.com,SXo84CUk7c7
147,Giavani,MacNab,Cupper,gcupper42@surveymonkey.com,5NSxm3T
148,Cosimo,Vondrak,Jakolevitch,cjakolevitch43@hp.com,fsTO5jOTE
149,Devlen,Westall,Shoosmith,dshoosmith44@mapy.cz,zDUX0LNAq
150,Livia,Kerins,Bernolet,lbernolet45@parallels.com,mDuhEA7uXF6s
151,Marylinda,Murkus,Geare,mgeare46@quantcast.com,DoKsa3EeS
152,Dyna,Estrella,Gildroy,dgildroy47@ustream.tv,bIwaaZ
153,Barnett,Lesper,Henner,bhenner48@cbc.ca,rfi2BdTlbaR
154,Barbabra,Domegan,Bosher,bbosher49@utexas.edu,P34aPZ
155,Perry,O'Teague,Ingraham,pingraham4a@de.vu,BfIOEXZ
156,Herschel,Ferrant,Abbotson,habbotson4b@ow.ly,2hcfFKmq
157,Harris,Crane,Mouncey,hmouncey4c@jiathis.com,GoiKPCW
158,Marsha,deKnevet,Zecchii,mzecchii4d@w3.org,A8cbib
159,Ruth,Ateridge,Lafont,rlafont4e@mediafire.com,jSB9Ck
160,Lauren,Ragge,Parmley,lparmley4f@godaddy.com,9PNxQHG
161,Merrile,Sawfoot,Ajean,majean4g@google.com.hk,GMVwBSzOgS
162,Richmound,Kibbe,Maylard,rmaylard4h@dyndns.org,jQihqo9d06
163,Osborn,Mizzen,Coning,oconing4i@live.com,WjlvJ15f
164,Stefa,Pouton,Conn,sconn4j@angelfire.com,K3FRR10NJIZt
165,Stanislaus,Bursnall,Goodered,sgoodered4k@sitemeter.com,6VmsSEZ
166,Alair,Lemasney,Pinxton,apinxton4l@ameblo.jp,tIW7yBRg
167,Suzy,Relfe,Gailor,sgailor4m@google.co.uk,LFZvpfer
168,Chicky,Dyte,Worshall,cworshall4n@guardian.co.uk,WRzImnV
169,Jabez,Jencey,Moodie,jmoodie4o@archive.org,PeH7H6Z3jppx
170,Moyna,Bewsy,Goodsall,mgoodsall4p@virginia.edu,NoeNr0
171,Juditha,Fellman,Heinke,jheinke4q@wiley.com,cbUx8IzygSw
172,Whit,Thody,Lawman,wlawman4r@globo.com,TeAlrxxn
173,Neill,Howels,Swindells,nswindells4s@booking.com,9qxjX3
174,Kattie,Blumson,Yegorkin,kyegorkin4t@addtoany.com,mlVlCRm
175,Royce,Joice,Longcaster,rlongcaster4u@histats.com,SQCXFDXS
176,Vanda,Pickle,Gouley,vgouley4v@hubpages.com,8IsTEL
177,Umeko,Yea,Taylo,utaylo4w@mlb.com,lUjobqX5o
178,Antonietta,Roskam,Chaulk,achaulk4x@prnewswire.com,SCUfRIVb
179,Dave,Pearlman,Crandon,dcrandon4y@howstuffworks.com,qaAltHYe
180,Blair,Grahl,Goodlett,bgoodlett4z@washingtonpost.com,vkW1xy5zIz
181,Pooh,Vanelli,Blasetti,pblasetti50@pen.io,XGHT82
182,Ariella,Wilmot,Huckin,ahuckin51@twitter.com,DFyso0W
183,Flossie,Woolaston,Bellward,fbellward52@yellowbook.com,5tWr2z6qIdv
184,Cchaddie,Lanaway,Blooman,cblooman53@vistaprint.com,wkFffoRKbL
185,Charley,Glowinski,Sugden,csugden54@twitpic.com,vwEewQ1kxa
186,Rickey,Whatham,Moulding,rmoulding55@weibo.com,0M6jLZD0HR
187,Ted,Veldens,Venable,tvenable56@usda.gov,AE8iDA8l
188,Jonah,MacGiffin,Werlock,jwerlock57@pagesperso-orange.fr,gbItf31WFOzi
189,Pegeen,Grabert,Coverley,pcoverley58@google.co.uk,z3jv7ps
190,Welbie,Ashlee,Spillman,wspillman59@canalblog.com,WmxO8LEtaeA7
191,Dorothy,Chasteau,Platt,dplatt5a@mayoclinic.com,6pqvRP
192,Rebe,Grunson,Ferrarotti,rferrarotti5b@guardian.co.uk,6RafRGyiO
193,Barbabra,Aloshechkin,Eyton,beyton5c@amazon.com,HzeglPjX7H77
194,Raynell,Sackur,Havard,rhavard5d@purevolume.com,ODKfDP0
195,Cortie,Loughan,Morena,cmorena5e@free.fr,33OCOIBrFLPZ
196,Heidie,Burle,Stille,hstille5f@blogtalkradio.com,gYPZ2q
197,Devland,Bothen,Attkins,dattkins5g@dagondesign.com,XvV3Q04P
198,Berti,Rossey,Ramet,bramet5h@uiuc.edu,qjhayns2fz
199,Gardiner,Gouck,Palfreyman,gpalfreyman5i@pagesperso-orange.fr,ZJzoinlI
200,Edmund,Riha,Perazzo,eperazzo5j@comsenz.com,WJfmHy16FcgN
201,Andy,Jekyll,Riba,ariba5k@columbia.edu,Pms1mStdv
202,Jerrie,Seeds,Ovendon,jovendon5l@aboutads.info,Ai1kgvq2Eh
203,Marina,Silverthorn,McDermott,mmcdermott5m@theguardian.com,l7xdVa87
204,Francois,Lakes,Savell,fsavell5n@cdbaby.com,xeXFWWab
205,Reena,Sirett,Garrood,rgarrood5o@ezinearticles.com,3tBSgWx
206,Elberta,Tincknell,Dunstall,edunstall5p@e-recht24.de,zeLhv67Ox
207,Alix,Dahlman,De Bernardi,adebernardi5q@goodreads.com,suJHGJ54bWgY
208,Melody,Gheraldi,Klosges,mklosges5r@ning.com,jhhu6XrXYl2
209,Gaby,Habbin,MacKee,gmackee5s@marketwatch.com,8ZeyHU
210,Erskine,Klimkiewich,Creelman,ecreelman5t@uol.com.br,66eZk5Sj
211,Vilma,Pengelley,Volleth,vvolleth5u@unblog.fr,5C4KcZDQkto
212,Lizette,Dyne,Binham,lbinham5v@bloglovin.com,dhIXL7l15owo
213,Collin,Moorman,Kilborn,ckilborn5w@miitbeian.gov.cn,ooRVWwj2
214,Jeanne,Basilio,Petigrew,jpetigrew5x@sun.com,1NJo7HVUNCv
215,Ilise,Ogbourne,Dell Casa,idellcasa5y@cmu.edu,IUfDNfrH
216,Ileana,Guard,Chatburn,ichatburn5z@github.io,PzHJ1GK
217,Douglass,Ertelt,Brimilcombe,dbrimilcombe60@nymag.com,LJOC8vGSBR9P
218,Thurston,Picton,Powdrill,tpowdrill61@yahoo.co.jp,wHYIg1
219,Adamo,Wagstaff,Jakubowski,ajakubowski62@wunderground.com,GHUkpB
220,Fionna,Haslegrave,Stormouth,fstormouth63@ted.com,PgJN6Kqc1t
221,Anthiathia,Crichton,Kermon,akermon64@slate.com,eaLojPQwD
222,Keefe,Yoxall,Bartoloma,kbartoloma65@symantec.com,MoU82O
223,Jody,O' Bee,Ellgood,jellgood66@list-manage.com,emyFucx
224,Kristen,Stiegars,Stuchbury,kstuchbury67@prnewswire.com,9QkHuE
225,Thia,Langlais,Benstead,tbenstead68@hao123.com,TFNNBHu
226,Celine,Berzins,Lavies,clavies69@wisc.edu,zM0tnvQA6y
227,Jacklyn,Shovelin,Baxstare,jbaxstare6a@unc.edu,flLIz1els
228,Ferdinand,Brazenor,Janeczek,fjaneczek6b@weebly.com,FNAW9npLBod
229,Alberta,Bohling,Everson,aeverson6c@hubpages.com,jUVp2pSVGh
230,Albrecht,Devericks,Reddihough,areddihough6d@oaic.gov.au,Z2Pz0iN54TLF
231,Zaria,Dashper,Febre,zfebre6e@godaddy.com,GfoQlf5
232,Valerye,Prendergrast,Merman,vmerman6f@seattletimes.com,mnTlnz9kxX
233,Boy,McElrea,Corkish,bcorkish6g@blog.com,l8Bonppqae9U
234,Rosalyn,Kalf,Billborough,rbillborough6h@soundcloud.com,20Ft2wr8Ne
235,Bonita,Sagerson,Kulvear,bkulvear6i@about.com,c8qv0uvy1zG1
236,Ronalda,Checo,Golder,rgolder6j@unicef.org,O7f2fvrySVQL
237,Lynna,Burbank,Temby,ltemby6k@ed.gov,OA7uZzmx9
238,Nichole,Guichard,Bussey,nbussey6l@scientificamerican.com,ngDRNTzZ15c
239,Hallsy,Millgate,Wildbore,hwildbore6m@eventbrite.com,ciknvIweJ
240,Matias,More,Annice,mannice6n@paginegialle.it,E5ArfZ
241,Moria,Vaines,Dorricott,mdorricott6o@salon.com,WLoClcis
242,Camille,Goble,Ellershaw,cellershaw6p@sourceforge.net,2g0zbO1c
243,Sigismund,Battrum,Sorrie,ssorrie6q@reddit.com,IUvk1nFVsi7
244,Shayne,Girodias,Shouler,sshouler6r@delicious.com,HpZeFdB3H9
245,Tami,Meaders,Locard,tlocard6s@i2i.jp,6ba9xP59cCmT
246,Quinn,Ziems,Loades,qloades6t@feedburner.com,OAaQEL5j
247,Chrotoem,Van T'Hoog,Allix,callix6u@ow.ly,vjXDndrFtz
248,Edwin,Mearing,Andover,eandover6v@chicagotribune.com,i2XZX61IzQ
249,Netta,Lorman,Maddison,nmaddison6w@cafepress.com,nxOqXFjvD
250,Garwin,Hovy,Shingles,gshingles6x@plala.or.jp,8gZGr7E
251,Burgess,Beany,Maude,bmaude6y@dailymail.co.uk,Gxn7xbl
252,Denys,Boddington,Headings,dheadings6z@exblog.jp,M1CkUw
253,Harman,Very,Clapham,hclapham70@bloglines.com,oXhPnpV
254,York,Falloon,Lifsey,ylifsey71@ibm.com,YkNfWmJsQh
255,Faina,Blonfield,McGowan,fmcgowan72@cbsnews.com,qOSMDDYpKE
256,Kath,Trahmel,Garthshore,kgarthshore73@yolasite.com,LVacX1dar
257,Emmeline,Versey,Drinkeld,edrinkeld74@google.ca,GJ7WGqf
258,Chantalle,Shard,Bernhardsson,cbernhardsson75@ustream.tv,2PJGz9Z
259,Olag,Niese,Boxen,oboxen76@over-blog.com,gqOJcCsYx
260,Maribeth,Maddin,Skehens,mskehens77@cpanel.net,1tNVYVfkWyc
261,Valdemar,Durbann,Gavey,vgavey78@nationalgeographic.com,XPyQDM
262,Lise,Gain,Cornbill,lcornbill79@dagondesign.com,wLqQSbEy
263,Fletcher,Ghiotto,Andriss,fandriss7a@state.tx.us,49D7I7RXgoJA
264,Kenon,Heppenspall,Bravery,kbravery7b@google.com.hk,ZqESTZijT
265,Jereme,Matissoff,Colville,jcolville7c@wikispaces.com,1m1dSGp
266,Aubree,Biaggioni,Pike,apike7d@1688.com,j9I6li3
267,Pattie,Billsberry,Thom,pthom7e@wordpress.org,XQZChXBvw
268,Robbert,Ingles,Pascoe,rpascoe7f@miibeian.gov.cn,Oh6vsuGpLG
269,Carree,Pressnell,Henderson,chenderson7g@slate.com,Gc7cgO4BP9JU
270,Aleen,Collyns,Fridlington,afridlington7h@upenn.edu,lIvfgWqRuTXs
271,Vivia,Girauld,Klaggeman,vklaggeman7i@rediff.com,3U8pi89fmv
272,Tina,Leefe,Fipp,tfipp7j@studiopress.com,4ncdDgu
273,Shepperd,Meaden,Summerside,ssummerside7k@washingtonpost.com,xLNfUlJgnfA
274,Red,Tripet,Bartosiak,rbartosiak7l@php.net,D4bV9JFMm
275,Halsey,Arderne,De La Hay,hdelahay7m@psu.edu,1yaBsZob1BtJ
276,Emanuel,Strauss,Lemmanbie,elemmanbie7n@ca.gov,jF9Ou0A
277,Alvin,Wilmot,Purrier,apurrier7o@moonfruit.com,OtoVxYol
278,Morten,Reese,Dinsmore,mdinsmore7p@utexas.edu,IZu2lS5tWW3
279,Phoebe,Tunny,Jeanes,pjeanes7q@livejournal.com,udT2md3DI
280,Margarethe,Cattell,Whapham,mwhapham7r@1688.com,jmy1hbY
281,Rose,Ishaki,Treneman,rtreneman7s@virginia.edu,RoYCw7tX9Yl
282,Shaw,Gianilli,Willbond,swillbond7t@mashable.com,qI9kvoffmnr
283,Abbey,Mucklow,Begg,abegg7u@nhs.uk,VYdjnd1IBoD
284,Terrell,Snewin,Hallifax,thallifax7v@java.com,vN2Xv8XL5
285,Domingo,Duchesne,Kliement,dkliement7w@dedecms.com,bC2ednmZq0
286,Margie,Cranstoun,Blesli,mblesli7x@mac.com,ubg840
287,Esra,Bonham,Castellani,ecastellani7y@studiopress.com,erpBdJf7cSa
288,Iseabal,Betteridge,Kitcatt,ikitcatt7z@wired.com,zpP4rfj
289,Juan,Flury,Abercromby,jabercromby80@a8.net,Hk92xVKjyp00
290,Annelise,Kensington,Shewery,ashewery81@51.la,ZYAs7tLF
291,Rochella,Sudy,Obert,robert82@fotki.com,Fw8lEWJnut
292,Isobel,Swoffer,Dye,idye83@gravatar.com,rMWeXLne
293,Deeann,Parish,Duffield,dduffield84@huffingtonpost.com,EoFMc2
294,Brook,Cullinan,Shubotham,bshubotham85@sitemeter.com,s4zd9DHJE
295,Allyn,Bertwistle,Rizzotto,arizzotto86@drupal.org,kx9nLuPoTI
296,Perry,Kirgan,Sambals,psambals87@oakley.com,xKdDYGDps99l
297,Guinna,Rudeforth,Charlson,gcharlson88@pcworld.com,UkeLA4c8
298,Antone,Jenkinson,Dudgeon,adudgeon89@stanford.edu,4jpIp3yNMw89
299,Laural,Pinchbeck,Speeks,lspeeks8a@photobucket.com,jAmCcbs
300,Daloris,Terbruggen,Eilers,deilers8b@com.com,lbMjcyUU
301,Frants,Swinn,Fitzroy,ffitzroy8c@prweb.com,gkqpg5Km
302,Marci,Raybould,Truswell,mtruswell8d@so-net.ne.jp,St8e7C6Dl6
303,Isabeau,Bosson,Hasted,ihasted8e@yellowpages.com,Ij44jN
304,Augustina,Glassard,Delacourt,adelacourt8f@jigsy.com,BrepySAWDI
305,Malcolm,Curtayne,McCleverty,mmccleverty8g@prweb.com,zalbuRVG
306,Massimo,Cheeney,Caldow,mcaldow8h@bandcamp.com,aFo0iGXyJu9w
307,Kipp,Benger,Churchlow,kchurchlow8i@samsung.com,SYUXy9tYiGa
308,Gus,Leather,Swinfon,gswinfon8j@microsoft.com,wFIiTsX
309,Cassandry,Witter,Telega,ctelega8k@slashdot.org,2Rmgu6RWob
310,Farah,Iddens,Cridlon,fcridlon8l@hc360.com,pv51PsTBo1
311,Jade,McDill,Gorstidge,jgorstidge8m@elpais.com,5FbkOoy
312,Hugues,Purseglove,Nanson,hnanson8n@globo.com,w7iNywk6D
313,Robby,Kynett,Minton,rminton8o@bizjournals.com,UbKyWTdVK
314,Emmy,Gomery,Dysert,edysert8p@skype.com,jehocxCz8i
315,Enrichetta,Splaven,Ainslie,eainslie8q@csmonitor.com,Rhk2EbECK
316,Binny,Oxlee,Beveredge,bbeveredge8r@studiopress.com,oTtbZqYKQI3B
317,Fayre,Arndt,Barriball,fbarriball8s@desdev.cn,NlJ2NGaxq
318,Jedidiah,Abrahm,McCann,jmccann8t@discuz.net,FakjxJz9S
319,Ashli,Heggie,Dunne,adunne8u@bloglovin.com,OnnlM9QCktIz
320,Bear,Spreull,Kirkebye,bkirkebye8v@list-manage.com,McUaypNU
321,Effie,Prinett,Valentinuzzi,evalentinuzzi8w@reddit.com,svVHvx94
322,Ronnica,Gilmartin,Hugues,rhugues8x@exblog.jp,dhx8ym
323,Eudora,Balmforth,Egdal,eegdal8y@elpais.com,dpadDmoqYxlx
324,Tressa,Mence,Van Der Weedenburg,tvanderweedenburg8z@behance.net,uixh8VCfl
325,Hersch,Tarrier,Roycroft,hroycroft90@mashable.com,fUt6p3LDYeES
326,Rhona,Biagini,Findlater,rfindlater91@etsy.com,2hE5gO
327,Thane,Heggie,Furst,tfurst92@rakuten.co.jp,arDIgJa83
328,Marten,Piatkowski,Stallan,mstallan93@artisteer.com,5wBaW8T
329,Opal,Griggs,Weson,oweson94@dot.gov,jNnfBLww
330,Tatiania,Brosetti,Peealess,tpeealess95@t.co,kN5lIhTLTV
331,Ivory,Masdon,Yeardsley,iyeardsley96@addtoany.com,KVthP7FH
332,Brien,Dellenbrook,Wilbor,bwilbor97@youtube.com,YFPrzFLd
333,Mareah,Sargeaunt,Newson,mnewson98@smh.com.au,qGyrJK
334,Trixie,Hayer,Milesop,tmilesop99@nba.com,d4M6nwEr
335,Forester,Egel,Beet,fbeet9a@bravesites.com,zHJRdfj5adO
336,Lannie,Bysaker,Moxted,lmoxted9b@princeton.edu,7Ai3Jv
337,Noach,Geal,Weatherup,nweatherup9c@java.com,ATe71sJXaXw
338,Ree,Tussaine,Forker,rforker9d@homestead.com,a8SvBabKno80
339,Aidan,Chezier,Avramovitz,aavramovitz9e@alibaba.com,m2GeP9
340,Chick,Ingyon,Gianelli,cgianelli9f@vkontakte.ru,Nl2Yc9rFZ
341,Emlen,Slott,Byatt,ebyatt9g@latimes.com,LI8dAnYB
342,Prescott,Mangin,Betteriss,pbetteriss9h@last.fm,I9jAlsDj2I9
343,Trent,Farnan,Petris,tpetris9i@archive.org,SYCFgzHj
344,Paulita,Mattsson,Sirrell,psirrell9j@house.gov,XIQkBBQT
345,Rebe,Poe,Jobling,rjobling9k@java.com,UpV00jp0
346,Janith,Newlan,Grasha,jgrasha9l@nbcnews.com,KxiLioLWuv
347,Amalea,Itzak,Lauridsen,alauridsen9m@goo.ne.jp,YjyWNr7
348,Clovis,Shafto,Elvin,celvin9n@youku.com,Yvp7usBR
349,Gaelan,Le Jean,Abson,gabson9o@ebay.com,LpYlzJgN
350,Friedrick,Cann,Talkington,ftalkington9p@nbcnews.com,C6jiR5BMNGY
351,Vonni,Pethybridge,Raymen,vraymen9q@indiatimes.com,csyG7af
352,Dasha,Golsthorp,Carlino,dcarlino9r@goodreads.com,IKJ7wAD
353,Nevil,O'Keaveny,Darko,ndarko9s@goo.ne.jp,gAyIhPgHy
354,Dennie,Rubbert,Siflet,dsiflet9t@biglobe.ne.jp,2fNN5HH6
355,Janessa,Slimme,Golthorpp,jgolthorpp9u@examiner.com,p4gL5IS
356,Essie,McDermott,Ales0,eales9v@businessinsider.com,DqAMWDdFir
357,Lucila,Nurse,Ballantyne,lballantyne9w@home.pl,UUjocs
358,Ode,Louca,Shannahan,oshannahan9x@constantcontact.com,VCnwfC
359,Lorelei,Chapling,Newland,lnewland9y@uiuc.edu,GTPrn3b
360,Barn,Aldie,Logie,blogie9z@multiply.com,MXKkzfgD
361,Chantalle,Watchorn,Sorbey,csorbeya0@pagesperso-orange.fr,0hGUu04xL
362,Goldi,Stilling,Zuanazzi,gzuanazzia1@ning.com,IFHCP6lnGji
363,Ganny,Heaton,Antusch,gantuscha2@indiatimes.com,E9n7Gi
364,Manolo,Wildt,Daldan,mdaldana3@homestead.com,X1iuuH
365,Chev,Maden,Sollom,csolloma4@kickstarter.com,H2PlJYP1aY8
366,Birk,Dymoke,Spruce,bsprucea5@webeden.co.uk,OeQGJN1Xnc
367,Trent,Squibbs,Dearnaly,tdearnalya6@uol.com.br,QzpccppqPUz
368,Alica,Southernwood,Boggs,aboggsa7@vinaora.com,n3Akdyfd
369,Ardith,Missenden,Hearne,ahearnea8@webs.com,J8d539Uu
370,Cirilo,Puttan,Rushmare,crushmarea9@vk.com,Ub9YfG7m
371,Ben,Brenston,Terrell,bterrellaa@chronoengine.com,AqBYO21
372,Ahmed,Eustanch,Goudge,agoudgeab@google.fr,oUKjTJKJj3
373,Constanta,Billin,Lohden,clohdenac@reddit.com,8Gkb1OA1LEg
374,Regan,Ridgley,O'Hare,roharead@usatoday.com,1G2joyiU
375,Polly,Allwell,Frank,pfrankae@netlog.com,o2JQlBip
376,Wilmar,Marc,D'Orsay,wdorsayaf@studiopress.com,y5zPvd0B4m2
377,Hillier,Sasser,Figures,hfiguresag@aol.com,50J0d8gfGG
378,Bryna,Yvon,Bontoft,bbontoftah@fastcompany.com,Idq6td8dgVi
379,Shanta,Linforth,Groven,sgrovenai@nytimes.com,pD7dj2Vk6Z6
380,Reider,Coddrington,Kitman,rkitmanaj@addtoany.com,pP6r6ZM
381,Marty,Sigars,Plowes,mplowesak@naver.com,WU5ggq9C70
382,Harv,Tosspell,Rochford,hrochfordal@youtube.com,bGbz9TJ
383,Leif,Lints,Gandey,lgandeyam@altervista.org,2blbo9YR0WS4
384,Dori,Radbourn,Scemp,dscempan@quantcast.com,6o2B2sm
385,Dal,Gillies,Davidove,ddavidoveao@opera.com,1oNZqqtfmU8R
386,Aigneis,Ollenbuttel,Fransson,afranssonap@addthis.com,98fUy6KG0l6
387,Flori,Goatman,Chubb,fchubbaq@irs.gov,Olg4zGN3i
388,Konstantine,Menguy,McMeekan,kmcmeekanar@histats.com,A7KKOuUZYn3q
389,Eunice,Saunier,Piwall,epiwallas@merriam-webster.com,PDY2lFX4ahD
390,Kenneth,Tuttle,Mellanby,kmellanbyat@tripadvisor.com,DBqpBNC1IdWW
391,Donn,Zarb,Haswell,dhaswellau@multiply.com,MyoOuIAve
392,Yalonda,Gibbe,Dripp,ydrippav@addtoany.com,YWucH3cZXKv
393,Jonathan,Connealy,Sealey,jsealeyaw@php.net,gT30QCPz
394,Kinna,Heakins,Glendzer,kglendzerax@wsj.com,0GASRWG8fPf5
395,Emmeline,Bartels,Mattys,emattysay@tuttocitta.it,t6HHDG7n1Z0
396,Suzi,McDowell,Lougheid,slougheidaz@time.com,wWpjB7sg
397,Andee,Shephard,Hurring,ahurringb0@disqus.com,mTmEdwUP746l
398,Mellie,Loble,O'Fearguise,mofearguiseb1@state.gov,2chdpan4dHe
399,Vassili,Kitcatt,O'Reilly,voreillyb2@kickstarter.com,6TkHYGqk
400,Alena,Benes,McAster,amcasterb3@google.pl,kaR2Jjy3c2j
401,George,Clemerson,Brierton,gbriertonb4@bloglines.com,DFxa7v2hoiR0
402,Arlen,Happs,Matthisson,amatthissonb5@nhs.uk,feMrGhdZAJH
403,Suzann,Neal,Bartholomew,sbartholomewb6@netscape.com,GYI6lEr
404,Sam,Deegin,Sherwill,ssherwillb7@deviantart.com,V4QEakVnHh
405,Dermot,Sheward,Cuckson,dcucksonb8@reddit.com,1dXyHs
406,Archambault,McLarnon,Smithen,asmithenb9@amazonaws.com,kjfYh9mVH5
407,Chen,Kullmann,Naisbet,cnaisbetba@techcrunch.com,xyU27G
408,Evered,Smeeth,Yeeles,eyeelesbb@timesonline.co.uk,xu0l2gJqWj
409,Timmie,Leverette,Greenhow,tgreenhowbc@live.com,T9snB14CyIt
410,Janella,Leabeater,Hussey,jhusseybd@noaa.gov,IDYwgTZ
411,Wilt,Lepper,Cowdrey,wcowdreybe@seesaa.net,2q35p7
412,Madison,Messier,Gleave,mgleavebf@latimes.com,eXqKH0
413,Karoly,Harby,Villalta,kvillaltabg@e-recht24.de,F6NXSAmePRRn
414,Loralyn,Verheijden,Wringe,lwringebh@scribd.com,410ChO
415,Hendrick,Errowe,Mattisssen,hmattisssenbi@squidoo.com,edYkJnc9b
416,Onida,Menere,Pitcaithly,opitcaithlybj@storify.com,ihL1jj4l
417,Peadar,Uzzell,Gerson,pgersonbk@domainmarket.com,PTjqgONdf
418,Julissa,Pesek,Bortoluzzi,jbortoluzzibl@yandex.ru,IV5Svl
419,Trevar,Dominichetti,Hearon,thearonbm@china.com.cn,9ato3sdj2Cw
420,Alysia,Lohan,Poundford,apoundfordbn@zimbio.com,vjfmLQAJW0L
421,Fania,Preshous,de Werk,fdewerkbo@fema.gov,F42MovuxF
422,Moshe,Peel,Brookesbie,mbrookesbiebp@yellowpages.com,HIJJIFldXQ
423,Myca,Chell,Marcinkus,mmarcinkusbq@blogtalkradio.com,7RxjmwDv
424,Chan,Han,Viel,cvielbr@aboutads.info,KaHQXetsMOkq
425,April,Girke,Ekkel,aekkelbs@ameblo.jp,oZPJsp7
426,Janeen,Honisch,Jentzsch,jjentzschbt@va.gov,r7XY7H
427,Douglass,Ealles,Dallimare,ddallimarebu@dion.ne.jp,z88Eabeih
428,Nanice,Ortiger,Showte,nshowtebv@cbslocal.com,dIcgnVm
429,Elset,Sidwell,Aldwich,ealdwichbw@nasa.gov,BSqoQBX
430,Nana,Loding,Le Sieur,nlesieurbx@delicious.com,HQwu1njbX4qh
431,Mariellen,Tearny,Laven,mlavenby@amazon.de,WUPtzaFlxd
432,Jacky,Templeman,Farrier,jfarrierbz@yellowpages.com,fvNUS4C38AY
433,Nowell,Poynor,Gouldeby,ngouldebyc0@last.fm,z8grTWISef
434,Rad,Farman,Sothern,rsothernc1@washington.edu,UXx7BcpivHMq
435,Evangelina,Truckett,Ottosen,eottosenc2@ox.ac.uk,8qc2MIG4
436,Reinhard,Joannet,Barock,rbarockc3@mail.ru,fLagUSK
437,Ernesta,McGeneay,Laterza,elaterzac4@tmall.com,YJlOWPNFtW
438,Nessi,Secrett,Mather,nmatherc5@theguardian.com,A9tT8u8iu6F
439,Aurlie,Thackeray,Boriston,aboristonc6@redcross.org,havCP0LGhy6
440,Pippy,Angear,Deakin,pdeakinc7@amazon.co.uk,6sEaNPCSk
441,Kermy,Toland,M'Quharg,kmquhargc8@nhs.uk,4lBh2VIIUrJ
442,Pietra,Eunson,Pudsall,ppudsallc9@sakura.ne.jp,gqU0uG0R3lOm
443,Dall,Mainz,Abrahmer,dabrahmerca@lycos.com,ZcgW9Og
444,Verene,Kaindl,Townby,vtownbycb@techcrunch.com,fewQ7cO9
445,Harley,Castagna,Danko,hdankocc@stanford.edu,EFd9U1A
446,Otto,Tejada,Ockland,oocklandcd@dailymail.co.uk,Qbfr29LVGnky
447,Simeon,Bamlet,Harrowsmith,sharrowsmithce@twitter.com,gt6nDH
448,Timothy,Norquay,Ivashechkin,tivashechkincf@epa.gov,Tzqi7f
449,Carleton,Geffinger,Kingswood,ckingswoodcg@washingtonpost.com,B6EWJs
450,Jeremie,Gunthorpe,Domelow,jdomelowch@issuu.com,17CJUn3VO
451,Johnath,Erdis,Baal,jbaalci@fda.gov,TKAWWSlX6N
452,Jock,Skeates,Beggan,jbeggancj@imgur.com,mYBTCrM6S0r
453,Meg,Gissop,Tether,mtetherck@census.gov,0CwhCjtlmCkL
454,Benedicto,Edowes,Dicke,bdickecl@ebay.com,CKSxpBQ9L
455,Margi,Tomei,Peaseman,mpeasemancm@craigslist.org,dFuI8k0i6h
456,Yorke,Farbrother,Callacher,ycallachercn@jigsy.com,tj4W5wb0
457,Yanaton,Juliff,Possell,ypossellco@woothemes.com,dZjGh2MTa2g3
458,Leif,Bodechon,Beverley,lbeverleycp@wix.com,l1BI1hg7y
459,Shea,Cass,Damrel,sdamrelcq@guardian.co.uk,2cpvWGBaxbx3
460,Donielle,Snelson,Ungaretti,dungaretticr@yandex.ru,KhRFFR
461,Chad,Crownshaw,Ambrogetti,cambrogettics@cdbaby.com,p94mutm
462,Andie,Roote,Bondy,abondyct@ed.gov,nc1xiynCPA
463,Idell,Crock,Bolesma,ibolesmacu@themeforest.net,HBpAqfA
464,Flori,Caine,Farrand,ffarrandcv@cnbc.com,J1WBWnsD
465,Rafe,Karleman,Deason,rdeasoncw@eventbrite.com,TpuMhE2xTBU
466,Chester,Conrad,McWhirter,cmcwhirtercx@chronoengine.com,E51JXZNyj
467,Dave,Walkling,Tourville,dtourvillecy@issuu.com,76RRGjxo
468,Edi,MacCaffery,Litherborough,elitherboroughcz@mysql.com,WgI2MQFz
469,Alayne,Loakes,Govett,agovettd0@economist.com,sDVAHSGjQFQ
470,Kathrine,Clingoe,Ropp,kroppd1@vk.com,quT4MvpoMS
471,Jill,Crellin,Grabeham,jgrabehamd2@google.fr,hC9SQ5NA4
472,Silva,Comelini,Huetson,shuetsond3@sohu.com,it1Dq10I
473,Ignace,Lingley,Iamittii,iiamittiid4@google.com.hk,fsHDZA1sM
474,Vanya,Ivankov,Deacon,vdeacond5@gmpg.org,TZLLYILJ2XCY
475,Consolata,Licquorish,Keenan,ckeenand6@weather.com,mTc5XVZ
476,Wakefield,Rawlins,Ossulton,wossultond7@fastcompany.com,WgT9U9To
477,Paloma,Latliff,Yarrell,pyarrelld8@typepad.com,tDspZrg9i
478,Cayla,Scouler,Gate,cgated9@hc360.com,k1CzbvpHH98
479,Torey,Dibley,Alvaro,talvaroda@multiply.com,bWs4bzH
480,Kacey,Guslon,Schleswig-Holstein,kschleswigholsteindb@fema.gov,lpEuq2OuZwT
481,Ethelred,Lowe,Kall,ekalldc@histats.com,lwpFRMOuJc
482,Kary,Gockelen,Riches,krichesdd@smh.com.au,3xSAyX
483,Jimmie,Klimkiewich,Mablestone,jmablestonede@live.com,7DbRyc9eNKT
484,Dewitt,McCaughan,Moogan,dmoogandf@time.com,Xe2nnXu
485,Erinna,Scothorn,Swine,eswinedg@npr.org,Q10vXoNe
486,Carny,Yashaev,Manby,cmanbydh@noaa.gov,sZ1iND7
487,Nickolai,Lemmertz,Odell,nodelldi@sbwire.com,1kAS2VMO
488,Cathlene,Koche,Corbet,ccorbetdj@studiopress.com,1u47Xh
489,Arte,Lemmer,Sabater,asabaterdk@yolasite.com,wxPKbxYYBvlb
490,Kathe,Scinelli,Knutsen,kknutsendl@people.com.cn,cBraeYfBK0Z
491,Horton,Willmore,Innis,hinnisdm@pen.io,nFiaruPCmNYA
492,Kurt,Duffill,Tuttle,ktuttledn@mapy.cz,T8RjYsx
493,Luisa,Caret,Filimore,lfilimoredo@dailymail.co.uk,GxXDhu
494,Laurice,Howson,Sunner,lsunnerdp@cargocollective.com,NNkVZQS1
495,Brose,Beine,Kolakowski,bkolakowskidq@netscape.com,4TZNqp
496,Vanessa,Houseman,Baress,vbaressdr@qq.com,VUppRMhIO
497,Averil,Daviot,Pleasaunce,apleasaunceds@hibu.com,7FRrWzTz
498,Sydelle,Demke,Stilliard,sstilliarddt@squidoo.com,OTjyGvL
499,Brucie,Chasson,Bassindale,bbassindaledu@hibu.com,AOgBZs6
500,Darill,Lelande,Ardern,darderndv@elegantthemes.com,gLKX2An
501,Aimee,Firpi,Beggio,abeggiodw@independent.co.uk,DT69NdM0g
502,Gaye,Looks,Scottesmoor,gscottesmoordx@cafepress.com,RfHKXmGhB
503,Elsbeth,O'Fihillie,Craw,ecrawdy@techcrunch.com,BAObS4MG3dd
504,Lynnell,Papps,Maddison,lmaddisondz@house.gov,oftO5BPpd
505,Doll,Auchterlony,Bertl,dbertle0@dagondesign.com,ULVkJfHSE8G5
506,Jasmine,Geerdts,Tommei,jtommeie1@blogspot.com,FKruIn6T
507,Stacie,Fetter,Casillas,scasillase2@twitpic.com,ANgmcimpc
508,Corbin,Moreton,Clemenzo,cclemenzoe3@wix.com,DjqQsL
509,Moselle,Benson,Prinett,mprinette4@google.ca,IViERZ
510,Catrina,Dutch,Gemnett,cgemnette5@oracle.com,8HT9gMNhG
511,Bertie,Scranny,Murton,bmurtone6@home.pl,aECObr4CrUfL
512,Janessa,Caseborne,Sier,jsiere7@nba.com,2OTNwtIAS
513,Burk,Haggard,Soonhouse,bsoonhousee8@boston.com,VMa2hI
514,Carl,Yearns,Lathbury,clathburye9@bloglovin.com,qDSm0U
515,Maximilian,Sames,Fosdick,mfosdickea@addthis.com,DIMuENH
516,Rudiger,Gerrell,Cusiter,rcusitereb@about.me,N4GTeg88I
517,Blinni,Walpole,Kytter,bkytterec@myspace.com,wiGcA0
518,Tucky,Tooze,Ferri,tferried@meetup.com,jw0tTGnt0iuQ
519,Ania,Grassi,Wilbud,awilbudee@tumblr.com,Y2U0ocV
520,Nessie,Reeds,Deeming,ndeemingef@deviantart.com,6qiTWzN1k
521,Corabel,Kilgrove,Kilty,ckiltyeg@ucoz.ru,8L3M3N4Cs
522,Onfre,Ogles,McClurg,omcclurgeh@cbsnews.com,fuD4eSk9
523,Chicky,Canto,Blowes,cblowesei@simplemachines.org,hlCBOWPf
524,L;urette,Scoggans,Jouhan,ljouhanej@kickstarter.com,l9bvWrJYsL
525,Catha,MacAnulty,Rozycki,crozyckiek@ebay.co.uk,ZfpXvT
526,Claudetta,Rowena,Guitt,cguittel@eepurl.com,7Tt5mk
527,Earl,Alywin,Kilpin,ekilpinem@reference.com,jInls2Ce
528,Carola,Spykings,Fleischer,cfleischeren@infoseek.co.jp,7VfPl86K
529,Arlene,Busek,Weldrick,aweldrickeo@cbsnews.com,LEFz9DiwNzI
530,Carolus,Skerritt,Costar,ccostarep@squidoo.com,whNcXHlsYP9y
531,Cecile,Edinburgh,Winckworth,cwinckwortheq@kickstarter.com,mQOAydXJ
532,Farlee,Standon,Goby,fgobyer@hao123.com,l3eDgc
533,Ernesta,Hannen,Tenman,etenmanes@flickr.com,BWWzWE2R
534,Mariya,Packer,Brookes,mbrookeset@wsj.com,9RgSCqEuh7I
535,Del,Furlonge,Fruchter,dfruchtereu@tamu.edu,LQlRCQc
536,Peter,Stainfield,Raecroft,praecroftev@ca.gov,Unr8lUdTIBV
537,Taryn,Chalmers,Cleare,tcleareew@usda.gov,9NvzOOa9X
538,Salem,Schottli,Campe,scampeex@squarespace.com,THNVjaoDS
539,Rosabella,Menary,Thies,rthiesey@g.co,WlhgXOvFr9gX
540,Arabel,Brimelow,Trainer,atrainerez@cornell.edu,TZHG02dRgVK
541,Tiffany,Puddefoot,Kiernan,tkiernanf0@jugem.jp,UK09Z0
542,Jannelle,Littlechild,Trafford,jtraffordf1@imgur.com,pFTW1IE
543,Dania,Accum,Mytton,dmyttonf2@tiny.cc,Jjw0i97nSD
544,Nonna,McTrustam,Blunsen,nblunsenf3@netlog.com,LhtbLJQHbqb
545,Gonzales,Scotting,Havoc,ghavocf4@studiopress.com,id8CO7bWBW
546,Margo,Brameld,Devigne,mdevignef5@cdbaby.com,7ElpqVVzWl
547,Tiena,Ruane,Reuben,treubenf6@photobucket.com,ZBSztWvgL0
548,Orelia,Shackell,Passler,opasslerf7@indiatimes.com,P8zMMjl
549,Edeline,McNeilley,Gilyott,egilyottf8@devhub.com,XmCDGi
550,Caria,Matzkaitis,Dudson,cdudsonf9@rediff.com,L6gnTifyAqsu
551,Bobbie,Wordley,McAlees,bmcaleesfa@friendfeed.com,JiFuGfW
552,Giovanna,Cradock,Counsell,gcounsellfb@studiopress.com,baZooJOM
553,Nye,Balderson,Wibrow,nwibrowfc@people.com.cn,Wozw5sMbJsmA
554,Salvador,Colbeck,Teml,stemlfd@wordpress.org,yidIJTS
555,Marlie,Notti,Lynd,mlyndfe@prnewswire.com,omRUdmp2A3
556,Terese,Worswick,Semrad,tsemradff@pcworld.com,0S5fjnBI
557,Nancey,Doddemeede,Barclay,nbarclayfg@seattletimes.com,PGfHv6d1pH
558,Shannan,Cuberley,Banasiak,sbanasiakfh@indiatimes.com,AyGyw3Jm
559,Maryrose,Core,Vint,mvintfi@dot.gov,bUpTy8CKj
560,Izak,Coughlan,Tordiffe,itordiffefj@nationalgeographic.com,acrjw45P
561,Muffin,Arthars,Becarra,mbecarrafk@google.de,syGYFc
562,Calley,Guidoni,Colbert,ccolbertfl@weebly.com,bdJ2zE2pEA
563,Edie,Prestland,Perrelle,eperrellefm@geocities.jp,LG74m4
564,Emery,Simpole,Messam,emessamfn@yandex.ru,04KuxXdw
565,Natalina,Stodhart,Macer,nmacerfo@apple.com,ZU3wCAV
566,Ingaberg,Slocket,Roblou,irobloufp@thetimes.co.uk,9k7imxeow0r
567,Beckie,Wansbury,Hillatt,bhillattfq@bizjournals.com,8l3hX701w58e
568,Pablo,Huxham,Hambribe,phambribefr@weather.com,tdMo662PQGY
569,Fernandina,Dobrovolny,Durber,fdurberfs@pen.io,7hP65QvZ
570,Stanfield,Klyner,Van Waadenburg,svanwaadenburgft@ustream.tv,3befZv6irdmm
571,Sabrina,Gionettitti,Rozycki,srozyckifu@intel.com,xYFgwxg1Tj
572,Felizio,Lokier,Durdan,fdurdanfv@csmonitor.com,dPBYBAmQ
573,Rafaela,Laurenceau,Anscott,ranscottfw@zdnet.com,g1giJTz
574,Gwenora,Bettles,Adacot,gadacotfx@godaddy.com,GQLacDtD3N
575,Walsh,Jaumet,Minchella,wminchellafy@ucoz.ru,juzsC9j
576,Regina,Sivills,Annon,rannonfz@moonfruit.com,ELkoCb1N2jya
577,Latisha,Foyston,Worms,lwormsg0@spotify.com,wQNYl0QM
578,Kiele,Mc Dermid,Bishop,kbishopg1@infoseek.co.jp,Y9Yf9yR
579,Kevina,Nilles,Yardley,kyardleyg2@woothemes.com,YHuaF0R72
580,Guglielmo,Calam,Hanscombe,ghanscombeg3@nhs.uk,3QeNC0azUbLz
581,Cecil,MacCurlye,MacAllester,cmacallesterg4@nasa.gov,a89fRpXim
582,Fabien,Comiskey,Zealey,fzealeyg5@house.gov,9tXvel
583,Etheline,Collinge,Peirazzi,epeirazzig6@nbcnews.com,Lnx4LkLwIfLv
584,Rolf,Watsam,Gadie,rgadieg7@disqus.com,zZRtx0WBCa
585,Kyla,Smardon,Houseago,khouseagog8@yale.edu,hPFu5OuHpT2e
586,Sibyl,Norkett,Simpkiss,ssimpkissg9@wikimedia.org,GWppMPzBDgiI
587,Brandy,Meiklejohn,Knowlman,bknowlmanga@t-online.de,T4POM6
588,Barnabe,Ruos,Postgate,bpostgategb@gmpg.org,tWf8yW
589,Doria,Swadden,Dorot,ddorotgc@google.co.uk,LJtpFgdtTxj
590,Oralee,Hartzenberg,McGougan,omcgougangd@desdev.cn,NMgs0IZ7cF
591,Crysta,Stot,Falls,cfallsge@jiathis.com,ZdKaGpN0U
592,Christoforo,Kob,Bloschke,cbloschkegf@walmart.com,J3V4phmQD
593,Shoshana,Arons,Neem,sneemgg@elegantthemes.com,rLd1F3tK7
594,Marty,Neeson,Baynton,mbayntongh@statcounter.com,9YVVtetb
595,Stinky,Corneljes,Kroon,skroongi@telegraph.co.uk,JpyE13Fa
596,Berti,Cotilard,Frotton,bfrottongj@tuttocitta.it,V6ThrlUxcu
597,Maye,Burford,Sear,mseargk@princeton.edu,5UeDfwe
598,Michaeline,Da Costa,Dewick,mdewickgl@trellian.com,9Z8IZxjY
599,Cortney,Hartford,Boyde,cboydegm@reddit.com,7qHmwB5aQ0
600,Garey,Easterbrook,Shasnan,gshasnangn@bloglovin.com,d8OHwIGTo
601,Ilario,Biford,Dunn,idunngo@chron.com,n89jWKe1zvEY
602,Penrod,Slingsby,Zealey,pzealeygp@noaa.gov,IyqD9dzI
603,Armand,Hailston,Hannon,ahannongq@blinklist.com,5YkbW6lTsqUb
604,Thedrick,Goalley,Gaddesby,tgaddesbygr@google.com.br,JFcshC6v
605,Dalt,Rosa,Sedger,dsedgergs@cbsnews.com,wDo21d6uU
606,Felicia,Johnsson,Lambertini,flambertinigt@i2i.jp,ZqkFpGpG
607,Erwin,Cleeton,Gurnee,egurneegu@independent.co.uk,mJToHYRE3
608,Jennilee,Lorkin,Bengefield,jbengefieldgv@ning.com,M3iPg4nx8
609,Dorolice,McQuarter,Vile,dvilegw@usnews.com,yVxFpfDtutQ
610,Crin,Mularkey,Duiged,cduigedgx@bing.com,4oZSSgL6x
611,Kirstyn,Elcox,Farries,kfarriesgy@cbc.ca,XDj0goB
612,Reidar,Zamboniari,Markus,rmarkusgz@intel.com,2JFAYyBpDIpw
613,Ermin,Schoales,Divall,edivallh0@topsy.com,ZyZZqn
614,Davine,Stanbra,Shawcross,dshawcrossh1@pinterest.com,pR0rirP0GRA
615,Sancho,Devoy,Durrans,sdurransh2@123-reg.co.uk,p5xqqMFsy90j
616,Haywood,Giacomasso,Wemm,hwemmh3@slate.com,9s8QHt
617,Daphene,Boundey,Stallibrass,dstallibrassh4@unicef.org,KeI8KGZKg0
618,Amery,Smither,Sabater,asabaterh5@uiuc.edu,3Whunk49
619,Mick,Hyndes,Blackey,mblackeyh6@reference.com,cX1MYRzyTDx
620,Anissa,Snyder,Kob,akobh7@opensource.org,5o3wnhi
621,Conan,Murra,Bednell,cbednellh8@google.ru,o67zJkJ
622,Brandon,Heinsen,Tsar,btsarh9@privacy.gov.au,9rht2GM
623,Cecilla,Baff,Blanchflower,cblanchflowerha@cam.ac.uk,kdpGdjR1G
624,Daren,Errey,Flude,dfludehb@auda.org.au,qKs80aK
625,Caressa,Cantrill,Reveland,crevelandhc@kickstarter.com,USLZPbTQW
626,Wynnie,Narraway,Miles,wmileshd@rediff.com,5yXWWMgtT2b
627,Odetta,Trousdell,Manifield,omanifieldhe@xinhuanet.com,DZgfqeT1
628,Heddi,Harling,Trewett,htrewetthf@dion.ne.jp,BYaTB8o6N
629,Kim,Bernardos,Ocklin,kocklinhg@about.me,c6oTfusUh4L1
630,Maryanne,Merkle,Asif,masifhh@alexa.com,G0Zwhc
631,Loleta,Durgan,Broddle,lbroddlehi@odnoklassniki.ru,O4vUEdlM
632,Britni,Laying,Ellingworth,bellingworthhj@tripadvisor.com,DqxDf7
633,Dru,Cona,Toffoloni,dtoffolonihk@senate.gov,JnxnNkpK
634,Shoshanna,Gatch,Remer,sremerhl@about.me,iPsRi9C
635,Tabbie,Lauritzen,Maton,tmatonhm@msu.edu,d2RiQ6dN7fvY
636,Pepito,Extall,Gwatkins,pgwatkinshn@rakuten.co.jp,7tiOEA
637,Baily,Westraw,Walsh,bwalshho@mashable.com,qz7KG4jSOlh
638,Cornie,MacParlan,Learmount,clearmounthp@hud.gov,jQrUoeEQ7Jy
639,Salvador,MacDearmid,Bearham,sbearhamhq@technorati.com,vkf4km
640,Ermentrude,Tanner,Pumphreys,epumphreyshr@themeforest.net,xaal4Ob
641,Eilis,Giacomazzo,Jesteco,ejestecohs@wordpress.com,ivx9nxhsDE
642,Demeter,Gemlbett,Mungane,dmunganeht@edublogs.org,m4iig9eH
643,Iolanthe,Munnion,Swithenby,iswithenbyhu@networksolutions.com,74vKwDmQ
644,Robinet,Bernardelli,Bannard,rbannardhv@jigsy.com,w48ppWVW6q
645,Corinne,Stoppe,Corssen,ccorssenhw@arizona.edu,2DD1W3Lya3fg
646,Christian,Lambird,Gloucester,cgloucesterhx@wikia.com,2jclpHx
647,Josie,Pyper,Moreno,jmorenohy@shareasale.com,UqcdgDc
648,Charlotta,Oag,Shoebrook,cshoebrookhz@timesonline.co.uk,tzSzkREtd
649,Giuditta,Woodnutt,Brenneke,gbrennekei0@msu.edu,X8YVVMasNM
650,Quinlan,Keneleyside,Brabbins,qbrabbinsi1@cornell.edu,pHxW8Em7Crg
651,Jorry,Sex,Shanley,jshanleyi2@geocities.com,SsjPKb
652,Arin,Gherardi,Sterzaker,asterzakeri3@odnoklassniki.ru,r2zloreQasmM
653,Timothee,Minchinden,Wishart,twisharti4@theglobeandmail.com,bJeMBCjHMc
654,Alfy,Bowles,Lerway,alerwayi5@cdc.gov,Mtbxbkfq
655,Meagan,Witnall,Looby,mloobyi6@booking.com,BJklstaTUp
656,Alika,Sorrill,Krabbe,akrabbei7@howstuffworks.com,z6yFtgqD4
657,Joycelin,Swallwell,Jeannaud,jjeannaudi8@microsoft.com,v6aKLkjMp24V
658,Deane,Buddington,Shenfish,dshenfishi9@rakuten.co.jp,KUiblD1
659,Andris,Ketteringham,Padberry,apadberryia@chicagotribune.com,mmTmf89kX
660,Emmy,Noye,Whitcher,ewhitcherib@bizjournals.com,lFjvTE5e0U
661,Erl,Pohling,Strafford,estraffordic@adobe.com,zjfPpm7ko
662,Jori,Isakovitch,Sills,jsillsid@histats.com,rViUUDrJfw
663,Aldin,McGuinley,Drust,adrustie@google.cn,HEwugzcj
664,Teena,Woofinden,McGeneay,tmcgeneayif@blinklist.com,Fb24dx
665,Winnah,Bunt,Steptoe,wsteptoeig@addthis.com,xNCIkxV
666,Heall,Upsale,Maevela,hmaevelaih@livejournal.com,X1fh44MtC5L
667,Dorey,Longworth,Hould,dhouldii@smh.com.au,LmSGgW
668,Gerardo,Fenimore,Hollebon,ghollebonij@hexun.com,umEpynkG
669,Melisande,Ferriday,Titmarsh,mtitmarshik@1und1.de,t6sYjm4kW
670,Jillene,Bineham,Menichelli,jmenichelliil@nbcnews.com,wqKQPG7
671,Caspar,Tolputt,Kollasch,ckollaschim@mayoclinic.com,XwdCVi
672,Angelita,Karp,Featley,afeatleyin@bloglines.com,5NtPQ6bh7LSv
673,Dunstan,Christoffels,Prinnett,dprinnettio@csmonitor.com,5NGFr8D
674,Kalie,Grestye,Claridge,kclaridgeip@desdev.cn,bFRsgttU
675,Ximenes,Kohter,Smallthwaite,xsmallthwaiteiq@phpbb.com,gzDifjx
676,Ivonne,Palluschek,Gosenell,igosenellir@ed.gov,Ij9s9XgJ
677,Therine,Suttle,Wintringham,twintringhamis@artisteer.com,IHYq7mjjx6T
678,Claybourne,Billinge,Ridhole,cridholeit@boston.com,EijfxZtw5bJ
679,Chen,Drust,Skellern,cskellerniu@wordpress.com,KQudl3O
680,Haroun,Alkins,Cowins,hcowinsiv@intel.com,hS6kfmcvgJYt
681,Rollin,MattiCCI,McGarry,rmcgarryiw@seattletimes.com,uWMRgZAaUOlP
682,Maible,Seakes,Beeching,mbeechingix@eventbrite.com,ZstJJhFRsiu
683,Hermione,Dooley,Gowdy,hgowdyiy@ed.gov,23oMH6rUr9p
684,Adams,Vieyra,Panther,apantheriz@linkedin.com,QU7QCPbc8CDD
685,Derby,Endrighi,Stiell,dstiellj0@list-manage.com,2k7tmdVThnV
686,Eleanora,Satterly,Inde,eindej1@vkontakte.ru,UQIzvxK
687,Gavan,Dreakin,Skehens,gskehensj2@google.com.au,yNxPU6YqbMO1
688,Janeczka,Bromet,Rawsthorne,jrawsthornej3@nifty.com,3kz7sSnvl8K
689,Myrah,Hassewell,Pollicott,mpollicottj4@statcounter.com,31O6vMqc
690,Killy,Iddenden,Everest,keverestj5@loc.gov,zROPJ5CI
691,Candace,Frostdick,Skydall,cskydallj6@globo.com,FdBUSXlkxIG
692,Aldis,Scriver,Darkins,adarkinsj7@tamu.edu,hqdh74lLRrN
693,Court,Melton,Domenici,cdomenicij8@mayoclinic.com,IaRvOlD364w
694,Margarete,Scotts,O'Heagertie,moheagertiej9@creativecommons.org,x2lX2vpKQZ0Q
695,Auberon,Freschini,Dayly,adaylyja@sogou.com,7HhMAs
696,Kain,Hoys,Jerrand,kjerrandjb@biblegateway.com,r2XJxPbeYd
697,Lenka,Saddleton,Amberson,lambersonjc@abc.net.au,jaa6GxBE
698,Vinson,Lindroos,Kernermann,vkernermannjd@narod.ru,epwNoXEQZok
699,Krystal,Baser,Lipp,klippje@google.de,wwPXCM
700,Leonard,Ravens,Donnel,ldonneljf@domainmarket.com,1uKZgUper
701,Leila,Guisot,Orable,lorablejg@qq.com,6ge3td3GWu1
702,Brinna,McCreary,Prestland,bprestlandjh@nationalgeographic.com,xUw8qBmxJuB
703,Druci,Pietrowski,Thiese,dthieseji@redcross.org,TGgDe2
704,Mill,Hedlestone,Marxsen,mmarxsenjj@webmd.com,mbiLwYhkdqy
705,Isaak,Leborgne,Torrisi,itorrisijk@freewebs.com,UygtURdtC1c
706,Janeczka,Fallows,Baggot,jbaggotjl@biglobe.ne.jp,xfBkXt
707,Somerset,Hrynczyk,Muehler,smuehlerjm@bizjournals.com,iWwc2DrzkE
708,Clemmy,Extall,Teasey,cteaseyjn@netvibes.com,DQyi93C42
709,Aretha,O'Kieran,Pressman,apressmanjo@elegantthemes.com,einHFFFVqqk
710,Edie,Abramovicz,Plumer,eplumerjp@patch.com,wM79bw9
711,Arch,Jaggar,Botly,abotlyjq@soup.io,CA95o0bNj
712,Antony,Kovalski,Pavlata,apavlatajr@ucsd.edu,zT5M4JG9xHp
713,Margot,Kubelka,Maudson,mmaudsonjs@cornell.edu,q0cV6e
714,Suki,Stoppe,Kearey,skeareyjt@dailymotion.com,Yly8T7PR6bO
715,Thalia,Bolles,Chree,tchreeju@shop-pro.jp,4xoFepxha44
716,Thorin,Kloisner,Orhrt,torhrtjv@businesswire.com,V7610kAJJe
717,Shandie,Hanham,Feltham,sfelthamjw@wikispaces.com,JW288DyKE
718,Dougy,Spehr,Toretta,dtorettajx@abc.net.au,kmAIj5py5xg
719,Ninnette,Jeness,Greveson,ngrevesonjy@ycombinator.com,D0Qtrq
720,Phillipe,Crankhorn,Lawther,plawtherjz@umich.edu,dUiDGQ8yknF1
721,El,Camacke,Petranek,epetranekk0@cam.ac.uk,ALuIStk7lQ
722,Peyton,Blackeby,Maynell,pmaynellk1@typepad.com,btj7mNuzkr
723,Jayne,Pescott,Dowson,jdowsonk2@cdc.gov,u81JOgAT
724,Davie,Hinemoor,Keijser,dkeijserk3@bbc.co.uk,GOjrMv2A
725,Griz,Denys,Hauch,ghauchk4@mit.edu,RbHIIpuuR
726,Filberto,Kensington,Lardge,flardgek5@php.net,dUuHsPEod
727,Daria,Peoples,Hammerberger,dhammerbergerk6@imgur.com,XRc4Jv8z0
728,Theressa,Kimbley,Michieli,tmichielik7@springer.com,ZkENyEBr
729,Eleanor,Torns,Coppeard,ecoppeardk8@auda.org.au,pbSq2aYgbOLF
730,Shelden,Docksey,D'Arrigo,sdarrigok9@google.co.uk,wznJ0lk5s
731,Kendall,Sackey,Kelner,kkelnerka@storify.com,jD1ldfGKx6B
732,Valentina,Caban,Stebles,vstebleskb@oaic.gov.au,0kxkblFE18
733,Bea,Redwood,Dobby,bdobbykc@youku.com,n1X415dh
734,Mel,Easdon,Klimushev,mklimushevkd@rambler.ru,1LeI2Kt
735,Jo,Rentoul,Whitland,jwhitlandke@google.co.uk,no7SaCv
736,Cyrus,Wicklen,Bullin,cbullinkf@nationalgeographic.com,KEXkz7
737,Marianne,Cash,Rustidge,mrustidgekg@walmart.com,MZzaZHqZ
738,Alyss,De la Feld,Snell,asnellkh@bbc.co.uk,xhQPVM
739,Wilburt,Brandreth,Byllam,wbyllamki@liveinternet.ru,r208km7JeF
740,Ami,Beddard,De Minico,ademinicokj@nydailynews.com,PxZnIrvo
741,Eleen,Petr,Bottomley,ebottomleykk@sbwire.com,dNJNXQoNq8
742,Abramo,Ince,Cadle,acadlekl@forbes.com,bShjcE
743,Cliff,Heading,Leguay,cleguaykm@wp.com,JvDbjN5R
744,Chick,Paolino,Grayne,cgraynekn@bravesites.com,ylxWIH
745,Shelley,Symmers,Lowndsborough,slowndsboroughko@woothemes.com,bQI0uWf1t8U
746,Estevan,Metham,Jackling,ejacklingkp@house.gov,SGBAkREfhO1
747,Micheil,Cann,Romain,mromainkq@nationalgeographic.com,YWE2Vvo4jE
748,Ashia,Hallwood,Crittal,acrittalkr@slideshare.net,v9Oe2v9x
749,Kelcy,Cowser,Rickaby,krickabyks@parallels.com,Uuyrzvdh8F
750,Maggi,Antuk,Ruecastle,mruecastlekt@utexas.edu,1m4TcGAHLE
751,Shaughn,Wakeham,Adacot,sadacotku@dell.com,rFc0b2XoyWj
752,Alexei,Lockwood,Pigford,apigfordkv@samsung.com,PnkRKrLsfOUW
753,Aggie,Stedson,Thrower,athrowerkw@cbc.ca,OtGxIsZTi
754,Rina,Meere,De'Vere - Hunt,rdeverehuntkx@unesco.org,l2L5ubYI5RmZ
755,Westley,Inworth,Mateescu,wmateescuky@wsj.com,q8tuBciWyG
756,Lydon,Itskovitz,McGrey,lmcgreykz@multiply.com,6a8hhU
757,Reeta,Cainey,Grissett,rgrissettl0@timesonline.co.uk,Z6spTgvLCH1
758,Opal,Sammon,Shovel,oshovell1@usnews.com,KYcUY7S
759,Shane,Wintringham,Glison,sglisonl2@nyu.edu,FS8Amzz
760,Imogen,Search,Addams,iaddamsl3@buzzfeed.com,GODcQd3T
761,Annmarie,Camplin,Hatz,ahatzl4@yellowbook.com,5KmDnX
762,Madelle,Chucks,McAteer,mmcateerl5@jalbum.net,xpWyDhUXv
763,Corliss,Crumpe,Bretelle,cbretellel6@army.mil,cPTfQo7TIodp
764,Dionne,Zavattari,Semonin,dsemoninl7@canalblog.com,aYY1s3HRTTtk
765,Tanhya,Gregoriou,MacIlraith,tmacilraithl8@ebay.co.uk,7IyPY1C
766,Steven,Hallgarth,Millichap,smillichapl9@qq.com,FpGs4TCD
767,Davin,Tomek,Meynell,dmeynellla@squarespace.com,q6VEz8qF84o
768,Bette,Botfield,Gauler,bgaulerlb@hostgator.com,yhYKa0k8K
769,Seline,Garnsworthy,Lapre,slaprelc@icq.com,mCsj5Yuc6
770,Nevins,McGarel,Bercher,nbercherld@unicef.org,D9GRpIQSSQ
771,Chilton,Gosker,Cossell,ccossellle@yale.edu,3MNZpDF
772,Montgomery,Bibb,Poytheras,mpoytheraslf@nps.gov,7YYH2VAUN
773,Sonnie,Giffin,Dabel,sdabellg@spotify.com,gFcrtQcnDU
774,Cilka,Damp,Thirtle,cthirtlelh@deliciousdays.com,CGSTfX2WJ
775,Carr,Ewert,Slimon,cslimonli@upenn.edu,b3sGcXhJare0
776,Standford,Scraggs,MacHoste,smachostelj@ow.ly,BdUSqN
777,Herminia,Harness,Gianuzzi,hgianuzzilk@seesaa.net,83uLh1G
778,Barbette,Rochford,Murdy,bmurdyll@archive.org,Uuel2VcHD7Z
779,Dorothea,Arboin,Sommerscales,dsommerscaleslm@topsy.com,cJZHN5ur5fpp
780,Hewitt,Tweedy,MacLeese,hmacleeseln@tinyurl.com,b1agpibr
781,Neall,Favell,Deakin,ndeakinlo@patch.com,tXmvtBHYfc
782,Dalston,Ivanikov,Emmatt,demmattlp@i2i.jp,5xsGYPYSP
783,Stevana,Full,Monteaux,smonteauxlq@skype.com,QwLpMgfef
784,Tamqrah,Saunders,Aleso,talesolr@4shared.com,yUy9NuZQL
785,Melonie,Commusso,Garroway,mgarrowayls@1688.com,l9vmpheaRGvv
786,Nannie,Hornig,Hefner,nhefnerlt@wiley.com,54iWJPQ
787,Ethyl,Kirkup,Ogus,eoguslu@histats.com,pCCdfbSVGKM
788,Krystal,Chestnut,Fleisch,kfleischlv@cisco.com,1c9n09XBf9
789,Ariana,Emmot,Oxterby,aoxterbylw@eventbrite.com,d4HOSMM
790,Austina,Dominico,Dower,adowerlx@shinystat.com,c1AYyD5XZY
791,Graham,MacClancey,Gooding,ggoodingly@github.io,5Jf4P97gd
792,Kelby,Slym,Fricker,kfrickerlz@accuweather.com,Awrq5ID
793,Nata,Masterman,Stollmeier,nstollmeierm0@noaa.gov,vHzVrmmHBT
794,Janna,Leopold,Neno,jnenom1@gizmodo.com,wOS6OKk2o9
795,Dorette,Loveless,Maro,dmarom2@usa.gov,4HVhvb
796,Carmen,Maher,Doggett,cdoggettm3@yale.edu,QLjQOQpBknuj
797,George,Smellie,Bottrell,gbottrellm4@networkadvertising.org,URVFqXAr
798,Alaric,Fookes,Neathway,aneathwaym5@umich.edu,VDamWTyORo
799,Ive,Ubanks,Arnoud,iarnoudm6@umn.edu,7WTBFui8tY0
800,Fay,McClinton,Coulbeck,fcoulbeckm7@cyberchimps.com,vPSHVMig
801,Lyndy,Eglin,Timpany,ltimpanym8@chicagotribune.com,LWeXFs
802,Cathie,Heatley,Sibbs,csibbsm9@facebook.com,fspE27oiIUA2
803,Tucky,Chong,Whyman,twhymanma@meetup.com,NcbtSmr
804,Allissa,Reynish,Uebel,auebelmb@g.co,IfmBH2T
805,Leah,Clacson,Raubenheimers,lraubenheimersmc@wix.com,6mH4KP
806,Kath,Basnall,Dennington,kdenningtonmd@hp.com,n0uQmPt9
807,Lizzie,Ketchaside,Millichip,lmillichipme@nhs.uk,DMdc7SEGJnih
808,Cesya,Patridge,Palleske,cpalleskemf@ustream.tv,qCjWh4jqsW
809,Christan,Karlolak,Middle,cmiddlemg@istockphoto.com,SoMEYyPp5a
810,Joshuah,Burehill,Briddle,jbriddlemh@ted.com,ufFATv9G5v
811,Karrie,Alfonsini,Denisot,kdenisotmi@netvibes.com,TcBwlbfk
812,Symon,Kauschke,Bolden,sboldenmj@gov.uk,ldz9AJPOY3V
813,Melli,Robottom,Phelan,mphelanmk@xrea.com,Yf9gHNi1oZcQ
814,Barclay,Petyt,Petersen,bpetersenml@who.int,NMTbWeTl
815,Richardo,Splevin,Reveland,rrevelandmm@archive.org,Q0zP7tr
816,Tate,Gookey,Rubinlicht,trubinlichtmn@flavors.me,1tGf6ems
817,Lucie,Mosedall,Mowen,lmowenmo@prnewswire.com,61tSG4dEf4IF
818,Elfreda,Macari,Yukhin,eyukhinmp@deviantart.com,sy7ro2
819,Perice,Beseke,Langlois,plangloismq@furl.net,tTtCMYfqExgj
820,Isador,Honack,Pennock,ipennockmr@who.int,AEGdqYC3luti
821,Aldwin,Kielt,Barday,abardayms@facebook.com,vycfNELw
822,Benny,Arnaldo,Spoor,bspoormt@t.co,jKdcK6Ge9
823,Rosalia,Dacres,Ionnisian,rionnisianmu@nbcnews.com,AacKfmioca2
824,Blaire,O' Culligan,Sollner,bsollnermv@tuttocitta.it,9TxyRlzF
825,Tyler,Clearley,Marr,tmarrmw@stumbleupon.com,CFsF5DN
826,Kelby,Allott,Ledward,kledwardmx@ning.com,tXgGhh
827,Monah,D'Aguanno,Zannini,mzanninimy@bandcamp.com,fC5M4ighOcaO
828,Jannel,Etches,Brunt,jbruntmz@marketwatch.com,WW0pRg7
829,Holly,Pantry,Sodor,hsodorn0@acquirethisname.com,oDxsVj6G1gRR
830,Chan,Blondelle,Putman,cputmann1@apache.org,fscePrTEHC
831,Jena,Pletts,Soldan,jsoldann2@youtu.be,mHf9new
832,Trudi,Bandiera,Latey,tlateyn3@netvibes.com,OuZ4TsiSuNx7
833,Arliene,Zamora,Roddam,aroddamn4@wikia.com,chTaaX
834,Obed,Thibodeaux,Diggins,odigginsn5@cyberchimps.com,ChQVlg
835,Saundra,Kell,Bawle,sbawlen6@drupal.org,yTUPeB8MQGry
836,Clarissa,Fresson,Nazer,cnazern7@gravatar.com,fac85eI5qqKv
837,Blisse,Povele,Akett,bakettn8@netvibes.com,fg8TBmI
838,Laurence,Polk,Mindenhall,lmindenhalln9@imdb.com,VRIz63jjh
839,Josepha,Corker,Burgill,jburgillna@blogspot.com,qdu1W1
840,Fulton,Charge,Brazenor,fbrazenornb@booking.com,ABFiaK
841,Raymond,Tetley,Kirkwood,rkirkwoodnc@amazonaws.com,2TuJe52Mglkv
842,Gauthier,Caveill,Devanney,gdevanneynd@delicious.com,gmZw4Z
843,Meyer,Giacomucci,Ferneley,mferneleyne@bloglines.com,IhZV7ZXSG
844,Eadith,Keller,Ellams,eellamsnf@state.tx.us,hBw8S3
845,Valida,Bushill,Brammar,vbrammarng@seattletimes.com,eU72LdiY0Jz
846,Hubey,McCulley,Sill,hsillnh@nba.com,01VgUc9
847,Celesta,Busson,Coombes,ccoombesni@yandex.ru,VglbVs4
848,Nowell,Kelsall,Muris,nmurisnj@qq.com,wRbyr2p
849,Will,Gamble,Wichard,wwichardnk@symantec.com,gThWlPSVLlcH
850,Lilas,Bellringer,Fenemore,lfenemorenl@aboutads.info,EFthb2eIH
851,Sandie,Po,Kilbee,skilbeenm@simplemachines.org,XKhwamzY
852,Tish,Ennals,Chalcot,tchalcotnn@nyu.edu,dH9jO9stllM
853,Joann,Rottery,Kubista,jkubistano@nifty.com,pee9qEyfpVh8
854,Ibbie,Ledrun,Caitlin,icaitlinnp@businessweek.com,mR4hILT
855,Wade,Langthorn,Rowcastle,wrowcastlenq@columbia.edu,Hf4SgepMSUN
856,Malinde,Goddman,Grafhom,mgrafhomnr@deliciousdays.com,gTMszdS
857,Martainn,McAllen,Jukes,mjukesns@ed.gov,EJ0XKsrHenW
858,Rhodia,Claricoates,Kinnon,rkinnonnt@usda.gov,ihTIBeG3A4A9
859,Dee dee,Scamerdine,Tissell,dtissellnu@themeforest.net,ikijAgzvqX
860,Efrem,Tomney,McCloud,emccloudnv@ustream.tv,b5JDqiuuO
861,Adolphe,Tallon,Mullineux,amullineuxnw@xing.com,bouP2xENbLH
862,Koenraad,Meiklejohn,Grigoroni,kgrigoroninx@topsy.com,MpU78Cf6
863,Brook,McGloin,Petru,bpetruny@craigslist.org,bB2auhd2s
864,Leone,Keningham,Castana,lcastananz@clickbank.net,Y1KZM6x
865,Ashley,Matyasik,Santi,asantio0@vkontakte.ru,ezac1C3lE1uR
866,Penelopa,Lyfield,Nuscha,pnuschao1@china.com.cn,YMzjLnd1WI
867,Gustavus,Toope,Staig,gstaigo2@statcounter.com,uoNLg7I
868,Ludovico,Kibby,Gaitone,lgaitoneo3@baidu.com,xLTJnXoWAff
869,Sybilla,Rysom,Moorerud,smoorerudo4@opera.com,5yiVirkfY8P
870,Nolly,Hansemann,Swindley,nswindleyo5@123-reg.co.uk,Cv67FfJ
871,Carolin,Luesley,Dadley,cdadleyo6@intel.com,ATG0cH5
872,Thaine,Hazeman,Harpur,tharpuro7@trellian.com,pwStNMrTyVk
873,Yance,Heard,Heinrici,yheinricio8@google.fr,pOXWWqWxKG
874,Dannie,Crady,Chewter,dchewtero9@flavors.me,6VS2kSFL0
875,Ches,Welch,Laherty,clahertyoa@oracle.com,7z6X508FW80
876,Chad,Kondrachenko,Daye,cdayeob@arstechnica.com,MccPWVkJo
877,Gilemette,O'Currine,Danzig,gdanzigoc@godaddy.com,bX8Z2QQ
878,Alfi,Kuschke,Hoodless,ahoodlessod@amazon.de,NeKU3oo7LN
879,Erica,Lardeur,Pattlel,epattleloe@slate.com,IB46lqylAGDk
880,Judie,Jaskiewicz,Calderwood,jcalderwoodof@devhub.com,Zq50QxcB
881,Bing,McGrudder,Broom,bbroomog@mediafire.com,rJc4oAk
882,Guthrey,Halm,Humphrys,ghumphrysoh@vistaprint.com,lOo2ONqRkZgp
883,Veradis,Foreman,Plevey,vpleveyoi@themeforest.net,RbU2nJFmYE
884,Benedicta,Jostan,Coultas,bcoultasoj@marketwatch.com,XZCYD87
885,Alphonso,Dufer,Krikorian,akrikorianok@sakura.ne.jp,TCOAOwXFJ
886,Billi,Ruckhard,Armatage,barmatageol@foxnews.com,Pmi75Px
887,Gaylene,Tothe,Rhule,grhuleom@nyu.edu,CXkSKWC2MBY9
888,Skipp,Tovey,Dicken,sdickenon@i2i.jp,iN7cp4r2N
889,Audra,Low,Bowland,abowlandoo@netlog.com,nBAIS1u9IM
890,Cort,Leakner,Teape,cteapeop@last.fm,CFBg1j278
891,Shaun,Trouncer,Gyngyll,sgyngylloq@youku.com,2EKsYA9Fpu
892,Rozalin,Carnelley,Duncanson,rduncansonor@dell.com,Hj0iRZJdpjto
893,Quinta,Furzey,Elwill,qelwillos@senate.gov,8GyLNkb5gnV
894,Serena,Battaille,Daybell,sdaybellot@cloudflare.com,Jlb1hA
895,Marta,Ledson,Jean,mjeanou@goodreads.com,0c1BJaHBV1w
896,Lilly,Cretney,Bertouloume,lbertouloumeov@google.pl,myd4wR
897,Giacinta,Defau,Utteridge,gutteridgeow@phoca.cz,dYsZqz
898,Gilburt,Howieson,Stuckford,gstuckfordox@ycombinator.com,dzgFLHFy
899,Gail,Stobbes,Gligori,ggligorioy@washington.edu,rKEMC9
900,Towney,Galton,Swallow,tswallowoz@omniture.com,OYtr0Kf4J
901,Osbert,Adanez,Sherred,osherredp0@hp.com,rd8SNMz
902,Samson,Bento,Goldring,sgoldringp1@uol.com.br,AHY8Tjh
903,Goldia,Emmitt,Fluger,gflugerp2@alibaba.com,AZUyom
904,Rowland,Van Hove,Chiene,rchienep3@ibm.com,P3ItDIz7
905,Lionello,Digg,Taffs,ltaffsp4@domainmarket.com,6Ux0m5oh
906,Beverie,Dirkin,Naptin,bnaptinp5@prweb.com,BDgZXL0dbc
907,Maia,Merrell,Kingsworth,mkingsworthp6@umich.edu,VoUDYxrw
908,Tania,Betterton,Guice,tguicep7@live.com,4KlmzAuP
909,Dorisa,Chese,Woolham,dwoolhamp8@skype.com,P2df8GYKaEPp
910,Indira,Schutze,Wankling,iwanklingp9@ibm.com,ykHMrc
911,Welch,O'Cahey,Pavis,wpavispa@hatena.ne.jp,8VW9wu
912,Daniela,Presnail,Deviney,ddevineypb@marriott.com,MjoIuIg7YY
913,Ariana,Curragh,Bootman,abootmanpc@va.gov,ZGLgod6
914,Marleen,Bettaney,Nicklinson,mnicklinsonpd@plala.or.jp,QySCBh3AR
915,Theo,Bierton,Pearce,tpearcepe@mysql.com,UktTChgW7XC
916,Nathanial,Schneider,Bastistini,nbastistinipf@fc2.com,ym1sCteWAgH
917,Flora,Dunne,Baudou,fbaudoupg@google.es,r1zGHjIz
918,Barrett,Duffill,Siward,bsiwardph@aol.com,n4OZtfYvXFLi
919,Daryl,Haime,Chase,dchasepi@bandcamp.com,Gtdqt2o024j
920,Valencia,Godbold,Richen,vrichenpj@4shared.com,7chAd6KVJO5
921,Stearn,Braniff,Gandy,sgandypk@yellowpages.com,v10WOQfQzX
922,Hugh,Little,Doggett,hdoggettpl@tuttocitta.it,8Q545n
923,Obidiah,Imrie,Clapison,oclapisonpm@archive.org,IkFdrLHLbWJ
924,Ichabod,Wheldon,Ianilli,iianillipn@vkontakte.ru,B8pt4l7HoKb
925,Merci,Pardew,Colleer,mcolleerpo@icio.us,v1fU6IVXSjj7
926,Emlynne,Darracott,Friett,efriettpp@wired.com,88hDvx
927,Leeann,Aleixo,Picott,lpicottpq@ehow.com,YTXWy4WIWkN
928,Feodora,Maginot,Stannering,fstanneringpr@yelp.com,5qjFiZLr
929,Stewart,Brennen,Lowin,slowinps@cam.ac.uk,i7e3DDx
930,Ailsun,Sellwood,Boxen,aboxenpt@lycos.com,hI2bX0T
931,Celestyna,Sher,Gingles,cginglespu@mozilla.org,ImZ3qDOD
932,Stanwood,Keyme,Bisacre,sbisacrepv@reference.com,B7BQ5IMO6N
933,Jocelyne,Dudny,McPartlin,jmcpartlinpw@vk.com,Q1k0xae
934,Lane,Rist,Urpeth,lurpethpx@jimdo.com,r6z1oD0ZJcIZ
935,Mohandas,Brosoli,Falls,mfallspy@linkedin.com,iYMJ4mia0d
936,Kaitlin,Stroobant,Minshall,kminshallpz@fastcompany.com,tdhsFW
937,Davida,Malloy,Costain,dcostainq0@techcrunch.com,klQtBHEUzq
938,Mandel,Lamb,Venes,mvenesq1@phpbb.com,tBLuHYKs9n
939,Pierette,Chazette,Ransbury,pransburyq2@bbc.co.uk,Qxu2X2
940,Cynthie,McPhillimey,Iaduccelli,ciaduccelliq3@gmpg.org,IJVHOQCCgb5
941,Christian,Mylan,Decruse,cdecruseq4@thetimes.co.uk,oJnNbcq0rkM
942,Sherrie,Birdwistle,Scini,ssciniq5@joomla.org,7X7GC4LJG
943,Lenore,Eastes,Sadat,lsadatq6@apple.com,kOxUQpUf80
944,Jacobo,Stubbings,Strettle,jstrettleq7@cafepress.com,8DvLIQ3A
945,Juliet,Doswell,Akker,jakkerq8@un.org,OsLR3A5iUh
946,Chrysler,Garrand,McGuffie,cmcguffieq9@desdev.cn,ydUIor6
947,Valina,Raspel,Crevy,vcrevyqa@moonfruit.com,Pzk6iXmTS
948,Mozelle,Peltz,Mecco,mmeccoqb@ezinearticles.com,y8kqpqtZ0nE
949,Oralle,McAnalley,Saffran,osaffranqc@sohu.com,xKsNRRQ4dnD5
950,Pam,Rops,Lestor,plestorqd@wikia.com,0JRCSL
951,Vita,Kenwyn,Donson,vdonsonqe@omniture.com,9BfkDgkNe
952,Steve,Layhe,Bouzek,sbouzekqf@home.pl,YYSll7
953,Onofredo,Tansey,Dominique,odominiqueqg@earthlink.net,nxaQoF
954,Alexandre,Adlington,Chettoe,achettoeqh@reuters.com,UZ0aYVgZpcsx
955,Cchaddie,Kingerby,Iggulden,cigguldenqi@wikipedia.org,HVHqBlr7g5
956,Celestina,Gullam,Nadin,cnadinqj@bloomberg.com,VO4g9D1Xgd
957,Tamara,Alltimes,MacGowan,tmacgowanqk@comsenz.com,QAdKe2JQU68
958,Anallise,Warlock,Merrgan,amerrganql@arstechnica.com,9ef9hS1vuR5y
959,Luciano,Banasik,Amyes,lamyesqm@networkadvertising.org,CqJXVGUnbnx
960,Christabel,Ballintime,Pretley,cpretleyqn@blogtalkradio.com,w4He31inSOt
961,Tarrah,Yoseloff,Bugby,tbugbyqo@zdnet.com,0JzPAV4VfWt
962,Godard,Belham,Daile,gdaileqp@360.cn,lCwmziY
963,Alethea,Tungay,Roe,aroeqq@ucsd.edu,EyGAHCi1HG
964,Dugald,Domenichelli,MacIlwrick,dmacilwrickqr@bbb.org,ma31V4GdRe
965,Bonita,Eldin,Tomczykowski,btomczykowskiqs@ehow.com,CBkJEo
966,Garrick,Babcock,Bert,gbertqt@java.com,SC1soa
967,Chrisy,Gierth,Malden,cmaldenqu@salon.com,cvU3cCSj6
968,Beatrisa,Brocklebank,Aireton,bairetonqv@telegraph.co.uk,g9vRGgKppCMe
969,Ryun,Elderton,Guilfoyle,rguilfoyleqw@usda.gov,Dpr5tTm
970,Hilliard,Rew,Kovalski,hkovalskiqx@businesswire.com,8kKUnzQ46
971,Cloe,Silmon,Durbyn,cdurbynqy@buzzfeed.com,SOZZI5N
972,Rheta,Forsythe,Greenrodd,rgreenroddqz@ifeng.com,ofXS4VoMAxR
973,Ted,Baison,Muino,tmuinor0@cyberchimps.com,q4ibaMEo
974,Coriss,Popworth,Tedder,ctedderr1@globo.com,uY9ZY7
975,Frieda,Davley,Wilfing,fwilfingr2@sogou.com,rIWjJzXC
976,Ola,Elderton,Bowcock,obowcockr3@yale.edu,Gr8hz7KFvq1u
977,Carver,Ennor,Burgot,cburgotr4@t-online.de,q25kvpNx
978,Doreen,Giacomucci,Ellwood,dellwoodr5@buzzfeed.com,ZpGPRn
979,Annette,Russi,Ventom,aventomr6@ovh.net,Wn8sdYdEV8
980,Yard,Buggy,Orable,yorabler7@vimeo.com,ioACxn8vPFPO
981,Arv,Hurler,Willeman,awillemanr8@plala.or.jp,jWzy4wTN2XS8
982,Halette,Macura,Benmore,hbenmorer9@goo.gl,8uf0sIn3UIpD
983,Malynda,Woodcock,McKeran,mmckeranra@quantcast.com,nNu8HU
984,Barnabas,Diano,Ouldcott,bouldcottrb@irs.gov,lq4JibU
985,Carley,Lobb,Guillford,cguillfordrc@nyu.edu,lx726XDOwj
986,Idalia,Danzey,Le Marchant,ilemarchantrd@hp.com,o7HsRr0JmRk
987,Nananne,Gerasch,Benzi,nbenzire@google.es,XyXe49un
988,Drew,De La Hay,Edwin,dedwinrf@uiuc.edu,ALQKfd
989,Mitchael,Murby,Tesimon,mtesimonrg@msu.edu,PbUe6pVdufo1
990,Conny,Abrahamoff,Allred,callredrh@biglobe.ne.jp,8DFBEEd53uCM
991,Lukas,Harring,Wainman,lwainmanri@miibeian.gov.cn,9ALfujg9E
992,Kassi,Kirtley,Botfield,kbotfieldrj@princeton.edu,rbIQZ9xKvQh9
993,Mei,Dalliwatr,Kean,mkeanrk@typepad.com,P9VPeS
994,Ailyn,Obington,Consterdine,aconsterdinerl@nyu.edu,jBimJe
995,Auberta,McBrady,Brownlow,abrownlowrm@gmpg.org,qzafhDneo
996,Ezekiel,Cristofari,Pavek,epavekrn@businesswire.com,PDfu6Pw1Hv
997,Kathrine,Kilius,Surmon,ksurmonro@ihg.com,HYCJsoBXOD
998,Kaitlin,Spowage,Trenholme,ktrenholmerp@csmonitor.com,yIpDpi5ra
999,Marsiella,Cregin,Rieme,mriemerq@amazon.de,I0ysJF5PQEn
1000,Lottie,Trammel,Gabitis,lgabitisrr@google.co.uk,Gjljtqi0ER
